,mean_fit_time,std_fit_time,mean_score_time,std_score_time,param_C,param_kernel,params,split0_test_score,split1_test_score,split2_test_score,split3_test_score,split4_test_score,mean_test_score,std_test_score,rank_test_score
0,0.018999147415161132,0.010895590805704052,0.0017465591430664063,0.00010984889654852223,0.1,linear,"{'C': 0.1, 'kernel': 'linear'}",0.676923076923077,0.6923076923076923,0.6615384615384615,0.609375,0.703125,0.6686538461538462,0.032804741615888505,7
1,0.06451225280761719,0.02212405275762822,0.0021371364593505858,0.00034436010891805414,0.5,linear,"{'C': 0.5, 'kernel': 'linear'}",0.676923076923077,0.6923076923076923,0.676923076923077,0.625,0.6875,0.6717307692307692,0.02412369504702572,5
2,0.1389789581298828,0.0779705276167923,0.0021053314208984374,0.00012727422437367307,1,linear,"{'C': 1, 'kernel': 'linear'}",0.676923076923077,0.7076923076923077,0.676923076923077,0.625,0.6875,0.6748076923076922,0.027321231746427768,4
3,1.0738945484161377,0.5632856793821521,0.002033519744873047,6.359895926435673e-05,10,linear,"{'C': 10, 'kernel': 'linear'}",0.676923076923077,0.7230769230769231,0.6461538461538462,0.625,0.71875,0.6779807692307692,0.038773256048665605,2
4,4.619314956665039,2.139161258890239,0.0019360065460205078,5.256519260564221e-05,50,linear,"{'C': 50, 'kernel': 'linear'}",0.7076923076923077,0.7076923076923077,0.6307692307692307,0.640625,0.703125,0.6779807692307692,0.03470494557035671,2
5,7.426499271392823,2.90703700718804,0.00201568603515625,0.00015816585752045676,100,linear,"{'C': 100, 'kernel': 'linear'}",0.7692307692307693,0.7076923076923077,0.6153846153846154,0.640625,0.703125,0.6872115384615385,0.054275716166482926,1
6,16.42071361541748,5.041964075515224,0.001985645294189453,5.219104137201477e-05,1000,linear,"{'C': 1000, 'kernel': 'linear'}",0.676923076923077,0.6923076923076923,0.6,0.671875,0.703125,0.6688461538461539,0.03616541600878881,6
