,mean_fit_time,std_fit_time,mean_score_time,std_score_time,param_C,params,split0_test_score,split1_test_score,split2_test_score,split3_test_score,split4_test_score,mean_test_score,std_test_score,rank_test_score,precision_score,recall_score
0,0.003157520294189453,0.00016202843841556748,0.00218658447265625,3.3952145067861555e-05,0.01,{'C': 0.01},0.0,0.0,0.05263157894736842,0.0,0.0,0.010526315789473684,0.021052631578947364,8,0.5,0.375
1,0.0033693313598632812,6.172840727882354e-05,0.002271604537963867,0.00013550025719588242,0.1,{'C': 0.1},0.6842105263157895,0.42105263157894735,0.3684210526315789,0.3157894736842105,0.5789473684210527,0.47368421052631576,0.13724636642531893,7,0.5,0.375
2,0.003725099563598633,0.00014591477273353257,0.002147960662841797,4.9015148927809007e-05,0.5,{'C': 0.5},0.6842105263157895,0.42105263157894735,0.47368421052631576,0.3684210526315789,0.631578947368421,0.5157894736842105,0.12185091476621292,2,0.5,0.375
3,0.004650688171386719,0.0005454321505140959,0.002180337905883789,7.870673613303863e-05,1,{'C': 1},0.6842105263157895,0.47368421052631576,0.42105263157894735,0.3684210526315789,0.631578947368421,0.5157894736842106,0.1218509147662129,1,0.5,0.375
4,0.013266229629516601,0.0039378878260723695,0.002339458465576172,7.92999835066439e-05,10,{'C': 10},0.6842105263157895,0.47368421052631576,0.3684210526315789,0.3684210526315789,0.631578947368421,0.5052631578947369,0.13147364207154524,3,0.5,0.375
5,0.049847745895385744,0.017251517534559314,0.0025013446807861327,3.4744581737067065e-05,50,{'C': 50},0.6842105263157895,0.47368421052631576,0.3684210526315789,0.3684210526315789,0.631578947368421,0.5052631578947369,0.13147364207154524,3,0.5,0.375
6,0.08527998924255371,0.030131818747260432,0.0029306888580322267,0.000786116686339605,100,{'C': 100},0.6842105263157895,0.47368421052631576,0.3684210526315789,0.3684210526315789,0.631578947368421,0.5052631578947369,0.13147364207154524,3,0.5,0.375
7,0.7620884895324707,0.27054162934816095,0.002650928497314453,0.00012277759600192635,1000,{'C': 1000},0.6842105263157895,0.47368421052631576,0.3684210526315789,0.3684210526315789,0.631578947368421,0.5052631578947369,0.13147364207154524,3,0.5,0.375
