,mean_fit_time,std_fit_time,mean_score_time,std_score_time,param_C,params,split0_test_score,split1_test_score,split2_test_score,split3_test_score,split4_test_score,mean_test_score,std_test_score,rank_test_score
0,0.01695284843444824,0.0035192286429455133,0.002054119110107422,7.56260726364721e-05,0.1,{'C': 0.1},0.7692307692307693,0.7076923076923077,0.6615384615384615,0.609375,0.671875,0.6839423076923077,0.05300192408866487,6
1,0.05777416229248047,0.008666978588343331,0.0022099494934082033,7.459589661259377e-05,0.5,{'C': 0.5},0.7692307692307693,0.7076923076923077,0.6615384615384615,0.640625,0.6875,0.6933173076923077,0.044248637695072875,4
2,0.16277718544006348,0.06419750577685406,0.0021947383880615234,9.313089922868225e-05,1,{'C': 1},0.7692307692307693,0.7076923076923077,0.6615384615384615,0.640625,0.6875,0.6933173076923077,0.044248637695072875,4
3,1.3079882621765138,0.6221768162399336,0.002204418182373047,8.518999771196513e-05,10,{'C': 10},0.7384615384615385,0.7076923076923077,0.6461538461538462,0.625,0.6875,0.6809615384615385,0.04100440155331575,7
4,3.5735222816467287,1.0433098391043312,0.0021613597869873046,5.832082981871382e-05,50,{'C': 50},0.7692307692307693,0.7076923076923077,0.6615384615384615,0.625,0.734375,0.6995673076923077,0.05125829778402691,2
5,7.647661828994751,1.657070208936021,0.002199125289916992,9.948752226249913e-05,100,{'C': 100},0.7846153846153846,0.7230769230769231,0.6461538461538462,0.65625,0.765625,0.7151442307692307,0.0559744235760812,1
6,11.260087394714356,4.289897438451084,0.002056789398193359,6.49600985230966e-05,1000,{'C': 1000},0.7230769230769231,0.7076923076923077,0.6307692307692307,0.65625,0.75,0.6935576923076923,0.04379762834356114,3
