,mean_fit_time,std_fit_time,mean_score_time,std_score_time,param_C,params,split0_test_score,split1_test_score,split2_test_score,split3_test_score,split4_test_score,mean_test_score,std_test_score,rank_test_score
0,0.004626226425170898,0.0014880920732304771,0.001998281478881836,0.0003627389492022097,0.01,{'C': 0.01},0.711864406779661,0.6949152542372882,0.6949152542372882,0.6949152542372882,0.6949152542372882,0.6983050847457627,0.006779661016949134,8
1,0.0038327693939208983,0.0005549725431131911,0.001958131790161133,0.00023760571192616293,0.1,{'C': 0.1},0.847457627118644,0.711864406779661,0.7457627118644068,0.7966101694915254,0.7457627118644068,0.7694915254237289,0.047457627118644055,5
2,0.0043622016906738285,0.0005827691152805931,0.001960277557373047,0.0002926361722021474,0.5,{'C': 0.5},0.8305084745762712,0.7457627118644068,0.7457627118644068,0.7796610169491526,0.7288135593220338,0.7661016949152543,0.03619348560010616,7
3,0.004617929458618164,0.00043396551310398435,0.0020704269409179688,0.00034236552653687185,1,{'C': 1},0.847457627118644,0.7457627118644068,0.7457627118644068,0.8135593220338984,0.6949152542372882,0.7694915254237288,0.054237288135593205,6
4,0.012726688385009765,0.0032159551514900843,0.0019190311431884766,0.00014100994709644813,10,{'C': 10},0.847457627118644,0.7457627118644068,0.7457627118644068,0.8135593220338984,0.711864406779661,0.7728813559322034,0.04982013036169175,4
5,0.051497793197631835,0.013512070806075412,0.0022904396057128905,0.00030053943427398673,50,{'C': 50},0.864406779661017,0.7457627118644068,0.7457627118644068,0.8135593220338984,0.711864406779661,0.7762711864406779,0.05507822647210822,1
6,0.07606921195983887,0.01130125871238695,0.0021372318267822267,0.0001304367455208571,100,{'C': 100},0.864406779661017,0.7457627118644068,0.7457627118644068,0.8135593220338984,0.711864406779661,0.7762711864406779,0.05507822647210822,1
7,0.9202600479125976,0.2102036040816607,0.0022275447845458984,0.0002901020212508974,1000,{'C': 1000},0.864406779661017,0.7457627118644068,0.7457627118644068,0.8135593220338984,0.711864406779661,0.7762711864406779,0.05507822647210822,1
