,mean_fit_time,std_fit_time,mean_score_time,std_score_time,param_C,params,split0_test_score,split1_test_score,split2_test_score,split3_test_score,split4_test_score,mean_test_score,std_test_score,rank_test_score
0,0.00624847412109375,0.0004594208355056593,0.0023508071899414062,0.0005378868349631401,0.01,{'C': 0.01},0.6891891891891891,0.7567567567567568,0.6756756756756757,0.6486486486486487,0.6712328767123288,0.6883006293965199,0.03663334035284756,8
1,0.019454145431518556,0.0033347908472615537,0.0022907257080078125,0.00017509626666175582,0.1,{'C': 0.1},0.6891891891891891,0.7432432432432432,0.6756756756756757,0.6621621621621622,0.7123287671232876,0.6965198074787116,0.028641460303249107,4
2,0.06763105392456055,0.011846056609835046,0.0024448394775390624,0.0004977388245928168,0.5,{'C': 0.5},0.6891891891891891,0.7432432432432432,0.6756756756756757,0.6621621621621622,0.7123287671232876,0.6965198074787116,0.028641460303249107,4
3,0.1549973487854004,0.10915783720435526,0.0023053646087646484,0.00016380592504996983,1,{'C': 1},0.6891891891891891,0.7432432432432432,0.6756756756756757,0.6621621621621622,0.726027397260274,0.6992595335061088,0.030610163010543125,3
4,1.2738589286804198,0.32749750338794076,0.00221099853515625,2.754765478606688e-05,10,{'C': 10},0.6891891891891891,0.7297297297297297,0.6621621621621622,0.6621621621621622,0.6986301369863014,0.688374676045909,0.02525973136897312,7
5,4.91062912940979,0.48518967077920494,0.0025902748107910155,0.0004116483183406039,50,{'C': 50},0.7027027027027027,0.7297297297297297,0.6486486486486487,0.6621621621621622,0.7123287671232876,0.6911144020733062,0.030714992872407917,6
6,8.373992872238158,1.390804206043279,0.0024509429931640625,0.0003392885535268997,100,{'C': 100},0.7702702702702703,0.7567567567567568,0.6486486486486487,0.6351351351351351,0.7123287671232876,0.7046279155868197,0.05486084721609068,2
7,16.941912269592287,0.8380889119794592,0.0022404670715332033,0.00039108910501513234,1000,{'C': 1000},0.7567567567567568,0.7297297297297297,0.6486486486486487,0.6756756756756757,0.726027397260274,0.7073676416142168,0.039344211772914424,1
