,mean_fit_time,std_fit_time,mean_score_time,std_score_time,param_C,params,split0_test_score,split1_test_score,split2_test_score,split3_test_score,split4_test_score,mean_test_score,std_test_score,rank_test_score,precision_score,recall_score
0,0.003500223159790039,0.0003038316421230961,0.0026021957397460937,0.0006553073432768418,0.01,{'C': 0.01},0.0,0.0,0.0,0.0,0.0,0.0,0.0,8,0.7777777777777778,0.23333333333333334
1,0.0036422252655029298,0.0004380849519402089,0.002389860153198242,0.0004339733564764629,0.1,{'C': 0.1},0.5882352941176471,0.3888888888888889,0.3333333333333333,0.5,0.5,0.4620915032679738,0.09024816152780173,7,0.7777777777777778,0.23333333333333334
2,0.004754018783569336,0.001152468204123336,0.0028470516204833984,0.0010100098844056536,0.5,{'C': 0.5},0.5294117647058824,0.5,0.3888888888888889,0.5,0.4444444444444444,0.47254901960784307,0.05005870363102381,6,0.7777777777777778,0.23333333333333334
3,0.004825067520141601,0.0010677577425249767,0.0024839401245117187,0.00024505387614833196,1,{'C': 1},0.5882352941176471,0.5,0.3888888888888889,0.6111111111111112,0.3888888888888889,0.4954248366013072,0.09457044312515517,4,0.7777777777777778,0.23333333333333334
4,0.012789201736450196,0.003327521202216369,0.0025069713592529297,0.0001273506094768199,10,{'C': 10},0.5882352941176471,0.5,0.3888888888888889,0.6111111111111112,0.3888888888888889,0.4954248366013072,0.09457044312515517,4,0.7777777777777778,0.23333333333333334
5,0.0505096435546875,0.013405000938181534,0.003001976013183594,0.00024229284552776834,50,{'C': 50},0.6470588235294118,0.5,0.3888888888888889,0.6111111111111112,0.3888888888888889,0.5071895424836601,0.10807857050245433,1,0.7777777777777778,0.23333333333333334
6,0.07115750312805176,0.009115206560937233,0.002626466751098633,9.003809377870374e-05,100,{'C': 100},0.6470588235294118,0.5,0.3888888888888889,0.6111111111111112,0.3888888888888889,0.5071895424836601,0.10807857050245433,1,0.7777777777777778,0.23333333333333334
7,0.9049489974975586,0.2127448903828655,0.00263824462890625,0.00011535484244100921,1000,{'C': 1000},0.6470588235294118,0.5,0.3888888888888889,0.6111111111111112,0.3888888888888889,0.5071895424836601,0.10807857050245433,1,0.7777777777777778,0.23333333333333334
